INVITADO,ACOMPAÑANTES,FOLIO,LINK PERSONALIZADO
ROMINA BERISTAIN SANCHEZ,0,PAME-001,https://xv-pamela.netlify.app/index.html?folio=PAME-001&clave=vm6WJs1RVf_N3ENQj9
FERNANDA LOPEZ LOPEZ,0,PAME-002,https://xv-pamela.netlify.app/index.html?folio=PAME-002&clave=WxhRYapCTdT0_4JF3F
NAOMI ESTEFANIA,0,PAME-003,https://xv-pamela.netlify.app/index.html?folio=PAME-003&clave=iUMJeDRn_XH55geLeo
ISABELLA CALDERON SILVA,0,PAME-004,https://xv-pamela.netlify.app/index.html?folio=PAME-004&clave=zPaDR-svyWNq1qHpJS
MARIA ZAVALETA CASTELLANOS,0,PAME-005,https://xv-pamela.netlify.app/index.html?folio=PAME-005&clave=t9JTEFBlr38FS-Qvd6
MIA JIMENEZ MARTINEZ,4,PAME-006,https://xv-pamela.netlify.app/index.html?folio=PAME-006&clave=hSGFN__w53pHdiyQtl
IVY LOPEZ JARQUIN,0,PAME-007,https://xv-pamela.netlify.app/index.html?folio=PAME-007&clave=J8fwRR1SlNewi3nInn
XIMENA CARREÑO SANCHEZ,0,PAME-008,https://xv-pamela.netlify.app/index.html?folio=PAME-008&clave=YIvNuKqSxsSVr29TR3
VICTORIA JIMENEZ SOLIS,4,PAME-009,https://xv-pamela.netlify.app/index.html?folio=PAME-009&clave=p2NjuyMOeue1B9ulTp
FLOR REBECA SALVADOR LEON,0,PAME-010,https://xv-pamela.netlify.app/index.html?folio=PAME-010&clave=ZmYE6ZB7IP4dSGvPcF
RENATA RAMIREZ ELORZA,0,PAME-011,https://xv-pamela.netlify.app/index.html?folio=PAME-011&clave=lFr-hj89Fc0t0GxZG5
HIROMI GARNICA,0,PAME-012,https://xv-pamela.netlify.app/index.html?folio=PAME-012&clave=MzmcCC6Nuz3V2FIWDg
MARIA FERNANDA RIOS,0,PAME-013,https://xv-pamela.netlify.app/index.html?folio=PAME-013&clave=lLKF0AahnFptJfcx3b
VALENTINA RUIZ MORALES,0,PAME-014,https://xv-pamela.netlify.app/index.html?folio=PAME-014&clave=C5X81FXzXNsrSsgSg1
XQUENDA VALENTINA,0,PAME-015,https://xv-pamela.netlify.app/index.html?folio=PAME-015&clave=arKNACCQ-RVPydLcfp
JESSICA PEREZ MERLO,0,PAME-016,https://xv-pamela.netlify.app/index.html?folio=PAME-016&clave=wd7FZ184DOoDNT72il
NORA MADAI,1,PAME-017,https://xv-pamela.netlify.app/index.html?folio=PAME-017&clave=tXx4WJUNk3KQYlN4ak
MARIANA ARIAS CRUZ,0,PAME-018,https://xv-pamela.netlify.app/index.html?folio=PAME-018&clave=KT9TBOROek3mHXBWL9
CAMILA SPINDOLA CAMPOS,0,PAME-019,https://xv-pamela.netlify.app/index.html?folio=PAME-019&clave=U2qU9Rx3h8hyC-3bwV
ALEJANDRA PINACHO BLANCO,0,PAME-020,https://xv-pamela.netlify.app/index.html?folio=PAME-020&clave=dTLBtfTXou4J20WgIK
DANNA MIGUEL CERVANTES,0,PAME-021,https://xv-pamela.netlify.app/index.html?folio=PAME-021&clave=M1MYN6GVboW_VWIv98
REGINA ACOSTA RIVERA,0,PAME-022,https://xv-pamela.netlify.app/index.html?folio=PAME-022&clave=LkaLrPe6UkY0kSajG1
SOFIA SPINDOLA,0,PAME-023,https://xv-pamela.netlify.app/index.html?folio=PAME-023&clave=04K16EvDu6GwDGFtPw
ELISA GARCIA MENDOZA,0,PAME-024,https://xv-pamela.netlify.app/index.html?folio=PAME-024&clave=mGfG1jgwsYbMaM-ZQl
AZUL,0,PAME-025,https://xv-pamela.netlify.app/index.html?folio=PAME-025&clave=AR1mwcUsccGnsNRIvT
VASTI,0,PAME-026,https://xv-pamela.netlify.app/index.html?folio=PAME-026&clave=5Gnu31sXMJ_WT13LFN
MADAI,1,PAME-027,https://xv-pamela.netlify.app/index.html?folio=PAME-027&clave=691oaJkZXobJauOVBD
IVANNA GOMEZ,0,PAME-028,https://xv-pamela.netlify.app/index.html?folio=PAME-028&clave=pHM7keKZBm9q_yEAf9
DIEGO TRAPAGA,0,PAME-029,https://xv-pamela.netlify.app/index.html?folio=PAME-029&clave=uMDGBVaTmvNaA13DVE
LORENZO MOCTEZUMA REYES,0,PAME-030,https://xv-pamela.netlify.app/index.html?folio=PAME-030&clave=8KPAtLWF7tZkLRsCOd
JESUS SANCHEZ SANCHEZ,0,PAME-031,https://xv-pamela.netlify.app/index.html?folio=PAME-031&clave=SSGPu7KCUYeJ26kapx
ALEJANDRO CANSECO,0,PAME-032,https://xv-pamela.netlify.app/index.html?folio=PAME-032&clave=BYUqn8gkywSfjLAzbi
IAN CONTRERAS,0,PAME-033,https://xv-pamela.netlify.app/index.html?folio=PAME-033&clave=KdgM0BUY8BNa3hkIuH
JAIME CASTELLANOS SOTO,0,PAME-034,https://xv-pamela.netlify.app/index.html?folio=PAME-034&clave=8eOxTHOG586EHYBpQv
IRVING MIGUEL,0,PAME-035,https://xv-pamela.netlify.app/index.html?folio=PAME-035&clave=3S-PxClND30CIz4mhl
EVAN PANTOJA FIERRO,0,PAME-036,https://xv-pamela.netlify.app/index.html?folio=PAME-036&clave=_uHnoK8brkF3gDWAkr
MATEO VASQUEZ,0,PAME-037,https://xv-pamela.netlify.app/index.html?folio=PAME-037&clave=UO9_DMT3a7U_RhCh5g
HECTOR,1,PAME-038,https://xv-pamela.netlify.app/index.html?folio=PAME-038&clave=vdmrOwdSPD8PTD4oV4
SAUL CANO,0,PAME-039,https://xv-pamela.netlify.app/index.html?folio=PAME-039&clave=bGdmngrCpNN36SDvOP
LUCA ROQUE,0,PAME-040,https://xv-pamela.netlify.app/index.html?folio=PAME-040&clave=jbUe2kq-ZDkqltD92G
SAID,0,PAME-041,https://xv-pamela.netlify.app/index.html?folio=PAME-041&clave=urCj3vaY8LjbzyAZEx
LUIS EMILIO CUEVAS RAMIREZ,0,PAME-042,https://xv-pamela.netlify.app/index.html?folio=PAME-042&clave=nv93BiAm0uk5jspELd
MATEO,0,PAME-043,https://xv-pamela.netlify.app/index.html?folio=PAME-043&clave=sU5Jh4JWf4xjEpt8C5
YETZI LI,0,PAME-044,https://xv-pamela.netlify.app/index.html?folio=PAME-044&clave=udZRevscn8-v-lgzuO
MARIANA CORONEL,0,PAME-045,https://xv-pamela.netlify.app/index.html?folio=PAME-045&clave=rerzi5oW4PuwC65ZMH
MILA,0,PAME-046,https://xv-pamela.netlify.app/index.html?folio=PAME-046&clave=Ff8TuYoz3nLTnuY_Wg
ALISSON GUADALUPE,0,PAME-047,https://xv-pamela.netlify.app/index.html?folio=PAME-047&clave=XSkCQubZsa69WGNKLk
ALESSANDRA,0,PAME-048,https://xv-pamela.netlify.app/index.html?folio=PAME-048&clave=UJE6QCPQXEln6dG2A8
VALERIA LOPEZ,0,PAME-049,https://xv-pamela.netlify.app/index.html?folio=PAME-049&clave=EzUiFviqxAXdXnkvMJ
GIOVANNA,0,PAME-050,https://xv-pamela.netlify.app/index.html?folio=PAME-050&clave=NP4kYp1zdnzTy6iCnG
CELESTE MARTINEZ,0,PAME-051,https://xv-pamela.netlify.app/index.html?folio=PAME-051&clave=jZf9XW6tYA4z2NRZ6v
JULIETA AQUINO,0,PAME-052,https://xv-pamela.netlify.app/index.html?folio=PAME-052&clave=52jxQszocrk_sDsZ__
ANDREA LIRA,0,PAME-053,https://xv-pamela.netlify.app/index.html?folio=PAME-053&clave=c0HluPqndqyMo44I8n
ALAN RAMIREZ CRUZ,0,PAME-054,https://xv-pamela.netlify.app/index.html?folio=PAME-054&clave=CuuojALEdqrR4-blhY
ISABELLA VALLADARES,0,PAME-055,https://xv-pamela.netlify.app/index.html?folio=PAME-055&clave=wXMTnrOUD6qngirMsT
ZIANY RUIZ DÍAZ,1,PAME-056,https://xv-pamela.netlify.app/index.html?folio=PAME-056&clave=XNEg5wny1qBtZITM3k
PIERO GIRON REYES,0,PAME-057,https://xv-pamela.netlify.app/index.html?folio=PAME-057&clave=gDeDcJ0Q-vGzwt3V7m
DIEGO BOLLO DURAFRANCATEL,0,PAME-058,https://xv-pamela.netlify.app/index.html?folio=PAME-058&clave=zX0-PJgV6GeeeuiHq8
REGINA RENDON,0,PAME-059,https://xv-pamela.netlify.app/index.html?folio=PAME-059&clave=ZI4mYu6HGHAzlEO967
MARIANA ISABEL,0,PAME-060,https://xv-pamela.netlify.app/index.html?folio=PAME-060&clave=2kyuaRkkkaeIBSkbXw
JOSE MIGUEL GRIS MENDEZ,0,PAME-061,https://xv-pamela.netlify.app/index.html?folio=PAME-061&clave=VZA-KS_ziNANpcl9YU
PAULA NVA,0,PAME-062,https://xv-pamela.netlify.app/index.html?folio=PAME-062&clave=2ltfFKceeUFA9o8cvI
REGINA LUJAN,0,PAME-063,https://xv-pamela.netlify.app/index.html?folio=PAME-063&clave=PaokyVlgzTYWkPkWeO
RICARDO ALEMAN CORDOVA,1,PAME-064,https://xv-pamela.netlify.app/index.html?folio=PAME-064&clave=qa00Wbl8P7c_fwQ1rp
GUADALUPE ALEMÁN CORDOVA,0,PAME-065,https://xv-pamela.netlify.app/index.html?folio=PAME-065&clave=LKTK8K7M_OKjI7vQ8q
OSCAR PEREZ MENDOZA,1,PAME-066,https://xv-pamela.netlify.app/index.html?folio=PAME-066&clave=1XHGC1zHXleWSCgeJU
CARLOS ALEMAN CORDOBA,1,PAME-067,https://xv-pamela.netlify.app/index.html?folio=PAME-067&clave=1MyAZOGQ0Oa8yilnb9
GUSTAVO JIMENEZ,1,PAME-068,https://xv-pamela.netlify.app/index.html?folio=PAME-068&clave=8vmgWJg0W8avSYsefe
CARLOS ALEMAN MAGAÑA,0,PAME-069,https://xv-pamela.netlify.app/index.html?folio=PAME-069&clave=ptfNdPnx4OHXQzicCf
OSCAR PEREZ ALEMAN,1,PAME-070,https://xv-pamela.netlify.app/index.html?folio=PAME-070&clave=JQ3JHNeyrZnUH5bOnC
PEDRO PINACHO,1,PAME-071,https://xv-pamela.netlify.app/index.html?folio=PAME-071&clave=LAs-wQ0Cl8GIcfvLxX
ALEJANDRO CRUZ ALEMAN,1,PAME-072,https://xv-pamela.netlify.app/index.html?folio=PAME-072&clave=JgWSjvILSWh7lpqCgV
ARMANDO LORANCA,3,PAME-073,https://xv-pamela.netlify.app/index.html?folio=PAME-073&clave=ziTbxlyEQwwbpHNMIY
ALFREDO ALEMAN LOPEZ,0,PAME-074,https://xv-pamela.netlify.app/index.html?folio=PAME-074&clave=UENEXm7Kp4kTR9GjJS
ABEL CRUZ JARQUIN,0,PAME-075,https://xv-pamela.netlify.app/index.html?folio=PAME-075&clave=hjkT0LIITbI4lp10d6
MA TERESA ALEMAN CORDOVA,0,PAME-076,https://xv-pamela.netlify.app/index.html?folio=PAME-076&clave=E_Eu7ZH_p0-MG1ZGhA
YOLANDA CRUZ JARQUIN,0,PAME-077,https://xv-pamela.netlify.app/index.html?folio=PAME-077&clave=iczrLvizex4UoVUGFs
DITER CAMARENA,4,PAME-078,https://xv-pamela.netlify.app/index.html?folio=PAME-078&clave=ljRqUIbWg4YG0s3WEZ
LIZBETH ACEVEDO,3,PAME-079,https://xv-pamela.netlify.app/index.html?folio=PAME-079&clave=_PTFsbCwTTBzKxhGnz
LORENA CASTRO,1,PAME-080,https://xv-pamela.netlify.app/index.html?folio=PAME-080&clave=9Lzh4T3LZg0Amh1cPY
SAUL AVILA,1,PAME-081,https://xv-pamela.netlify.app/index.html?folio=PAME-081&clave=cxto5dOOJGVUq4WUG8
LUIS IGNACIO OROZCO ORTIZ,5,PAME-082,https://xv-pamela.netlify.app/index.html?folio=PAME-082&clave=BDFufka7yqnEeKnTMj
CLAUDIA MARTINEZ RUIZ,0,PAME-083,https://xv-pamela.netlify.app/index.html?folio=PAME-083&clave=mf0voRyEAeNX4PpJx1
ENRIQUE CASTILLO,1,PAME-084,https://xv-pamela.netlify.app/index.html?folio=PAME-084&clave=2WulHPsNk9jOTGZD5Q
MANUEL ALEMAN,4,PAME-085,https://xv-pamela.netlify.app/index.html?folio=PAME-085&clave=BRkKlgxOsxCFhObOmq
ISIS CASTRO,3,PAME-086,https://xv-pamela.netlify.app/index.html?folio=PAME-086&clave=uipf6A-p7r_eFrKLZN
LETICIA CRUZ HERNANDEZ,0,PAME-087,https://xv-pamela.netlify.app/index.html?folio=PAME-087&clave=G2QckY63qmwFpkf9Zs
MIREYA JIMENEZ,0,PAME-088,https://xv-pamela.netlify.app/index.html?folio=PAME-088&clave=RCN15MqlI31Y8atSGG
VICTOR HUGO MATAMOROS,0,PAME-089,https://xv-pamela.netlify.app/index.html?folio=PAME-089&clave=M8LSLy9fGs3QMgiopF
YESENIA PINACHO,1,PAME-090,https://xv-pamela.netlify.app/index.html?folio=PAME-090&clave=JOKzdDVvUn8_sEXZsd
REYNA LUNA,1,PAME-091,https://xv-pamela.netlify.app/index.html?folio=PAME-091&clave=Hfk_fZLk0Z9XZHk3Ww
ROMINA MENDIOLA LÓPEZ,0,PAME-092,https://xv-pamela.netlify.app/index.html?folio=PAME-092&clave=vB_xaYy0S5q0N58ND8
ALITZEL AMELI JUÁREZ HERNÁNDEZ,0,PAME-093,https://xv-pamela.netlify.app/index.html?folio=PAME-093&clave=QkIbqYxAOEoWQR1Rrs
SAMANTHA LONE MANZO MARTÍNEZ,0,PAME-094,https://xv-pamela.netlify.app/index.html?folio=PAME-094&clave=j_fmRYEWERoqlIEdSX
DANIELA MONTSERRA QUEVEDO SUÁREZ,0,PAME-095,https://xv-pamela.netlify.app/index.html?folio=PAME-095&clave=Zt6Q-fK2IhD6-9iuEe
MIGUEL ÁNGEL LEÓN JIMÉNEZ,0,PAME-096,https://xv-pamela.netlify.app/index.html?folio=PAME-096&clave=-cY_a1PoOYt5jVm1Um
CARLOS GIBRAN MARTÍNEZ HERRERA,0,PAME-097,https://xv-pamela.netlify.app/index.html?folio=PAME-097&clave=hlPOHNReujKfV0JO8h
ROMINA ESTEFANÍA VELÁSQUEZ GARCÍA,0,PAME-098,https://xv-pamela.netlify.app/index.html?folio=PAME-098&clave=9qmgFmCDSzUxiJxA0o
CAROL MEZA ZARATE,0,PAME-099,https://xv-pamela.netlify.app/index.html?folio=PAME-099&clave=JobWrwlgI65_N72T-9
EILEN PAULINA SÁNCHEZ HERNÁNDEZ,0,PAME-100,https://xv-pamela.netlify.app/index.html?folio=PAME-100&clave=5dSgcQbbhxBNexBjfC
DANA SABINA MARTÍNEZ CARRASCO,0,PAME-101,https://xv-pamela.netlify.app/index.html?folio=PAME-101&clave=wEPZ1GIsBjpTS09N3e
JUAN VÁSQUEZ RICARDEZ,0,PAME-102,https://xv-pamela.netlify.app/index.html?folio=PAME-102&clave=kxLqHuGOJ-WtEzIxo1
DAFNE ROMINA CHIÑAS,0,PAME-103,https://xv-pamela.netlify.app/index.html?folio=PAME-103&clave=6V9YmfqSY8SKK2V9v-
ERIC ARMANDO CARRERA RUIZ,0,PAME-104,https://xv-pamela.netlify.app/index.html?folio=PAME-104&clave=Wl1kLi2AxWuivSevtL
ANA MARÍA MORALES CRUZ,0,PAME-105,https://xv-pamela.netlify.app/index.html?folio=PAME-105&clave=KmGSSsgRrs74ART73r
JORGE JARED ORTIZ MENDOZA,0,PAME-106,https://xv-pamela.netlify.app/index.html?folio=PAME-106&clave=s2MFwrc4_cCjnXuPkr
